Title,Channel,Views,Duration (sec),Upload Date,Description
Python Tutorial For Beginners in Hindi | Complete Python Course ðŸ”¥,CodeWithHarry,14808470,39234,20240616,"Exciting News! Iâ€™ve just launched my Data Science Course â€“ and itâ€™s now in Early Bird Access!
If you loved this Python course, youâ€™re going to enjoy this one even more.
Check it out here: https://www."
Python Tutorial For Beginners in Hindi | Complete Python Course ðŸ”¥,CodeWithHarry,14808470,39234,20240616,"Exciting News! Iâ€™ve just launched my Data Science Course â€“ and itâ€™s now in Early Bird Access!
If you loved this Python course, youâ€™re going to enjoy this one even more.
Check it out here: https://www."
Python Tutorial For Beginners in Hindi | Complete Python Course ðŸ”¥,CodeWithHarry,14808470,39234,20240616,"Exciting News! Iâ€™ve just launched my Data Science Course â€“ and itâ€™s now in Early Bird Access!
If you loved this Python course, youâ€™re going to enjoy this one even more.
Check it out here: https://www."
